,City,Latitude,Longitude,Max Temp,Humidity,Cloudiness,Wind Speed,Country,Date
0,Busselton,-33.65,115.33,52.0,88,56,10.04,AU,1594930776
1,Deputatsky,69.3,139.9,40.24,79,34,1.36,RU,1594930935
2,São João da Barra,-21.64,-41.05,71.6,68,75,6.93,BR,1594930935
3,Vaini,-21.2,-175.2,77.0,78,20,6.93,TO,1594930935
4,Tasiilaq,65.61,-37.64,48.2,66,100,13.87,GL,1594930935
5,Barrow,71.29,-156.79,35.6,80,90,12.75,US,1594930931
6,Kruisfontein,-34.0,24.73,48.56,56,39,3.94,ZA,1594930704
7,George Town,5.41,100.34,78.01,100,40,3.31,MY,1594930936
8,New Norfolk,-42.78,147.06,37.99,89,8,2.37,AU,1594930936
9,Talnakh,69.49,88.4,48.2,93,40,13.42,RU,1594930936
10,St. George's,12.06,-61.75,86.0,74,20,20.8,GD,1594930937
11,Puerto Ayora,-0.74,-90.35,75.2,69,20,18.34,EC,1594930937
12,Rikitea,-23.12,-134.97,73.47,83,100,4.14,PF,1594930938
13,Punta Arenas,-53.15,-70.92,32.0,93,75,5.82,CL,1594930938
14,Tuktoyaktuk,69.45,-133.04,53.6,62,75,12.75,CA,1594930938
15,Alofi,-19.06,-169.92,77.0,73,20,10.29,NU,1594930938
16,Micheweni,-4.97,39.83,76.93,66,70,18.1,TZ,1594930939
17,Tura,25.52,90.22,75.27,95,100,5.77,IN,1594930748
18,Mariánské Lázně,49.96,12.7,57.0,91,54,5.41,CZ,1594930940
19,Sainte-Anne-des-Monts,49.12,-66.49,70.32,40,99,4.74,CA,1594930940
20,Corinth,37.94,22.96,77.0,58,0,3.04,GR,1594930343
21,Saint-Philippe,-21.36,55.77,68.0,72,11,6.93,RE,1594930822
22,Lorengau,-2.02,147.27,82.11,69,66,3.49,PG,1594930941
23,Pokhara,28.23,83.98,72.45,83,75,0.83,NP,1594930941
24,Bereda,43.27,-7.54,62.01,88,80,5.01,ES,1594930941
25,Thompson,55.74,-97.86,60.8,82,75,13.87,CA,1594930942
26,Badak,6.85,124.72,73.44,94,97,1.7,PH,1594930942
27,Ushuaia,-54.8,-68.3,32.0,89,0,3.36,AR,1594930942
28,Richards Bay,-28.78,32.04,56.39,76,0,4.9,ZA,1594930942
29,Crailsheim,49.13,10.07,57.99,93,100,5.82,DE,1594930942
30,Mataura,-46.19,168.86,28.98,98,21,2.06,NZ,1594930934
31,Pucallpa,-8.38,-74.55,87.8,58,75,4.7,PE,1594930943
32,Dunda,-8.12,34.25,57.2,60,0,7.74,TZ,1594930943
33,Avarua,-21.21,-159.78,71.6,73,0,9.17,CK,1594930943
34,Hobart,-42.88,147.33,37.99,93,40,1.12,AU,1594930807
35,Dikson,73.51,80.55,40.71,94,100,3.53,RU,1594930943
36,‘Āhuimanu,21.44,-157.84,82.4,65,90,8.05,US,1594930879
37,Ribeira Grande,38.52,-28.7,73.4,64,75,11.41,PT,1594930944
38,Butaritari,3.07,172.79,83.01,67,43,9.24,KI,1594930944
39,Huarmey,-10.07,-78.15,66.58,67,4,10.38,PE,1594930944
40,Hilo,19.73,-155.09,82.4,65,1,5.82,US,1594930945
41,East London,-33.02,27.91,58.68,42,0,5.39,ZA,1594930799
42,Marsh Harbour,26.54,-77.06,83.62,74,0,15.41,BS,1594930866
43,Springfield,37.22,-93.3,86.0,62,1,9.17,US,1594930857
44,Hermanus,-34.42,19.23,53.01,75,0,4.0,ZA,1594930945
45,Saldanha,-33.01,17.94,51.8,66,0,9.78,ZA,1594930945
46,Margate,51.38,1.39,64.99,78,100,1.99,GB,1594930946
47,Bredasdorp,-34.53,20.04,50.0,93,0,2.24,ZA,1594930946
48,Fortuna,40.6,-124.16,63.0,77,1,17.22,US,1594930946
49,Harper,4.38,-7.72,75.34,76,98,10.02,LR,1594930946
50,Mossamedes,-15.2,12.15,67.69,62,0,1.81,AO,1594930830
51,Bluff,-46.6,168.33,37.98,88,25,10.45,NZ,1594930947
52,Dingle,11.0,122.67,76.51,88,18,2.26,PH,1594930947
53,Kavieng,-2.57,150.8,81.95,70,85,1.97,PG,1594930947
54,Ribeira Brava,32.65,-17.07,73.4,69,1,4.7,PT,1594930948
55,Boende,-0.22,20.87,73.72,90,84,1.99,CD,1594930948
56,Barabai,-2.58,115.38,73.08,91,96,1.05,ID,1594930948
57,Safaga,26.73,33.94,93.2,23,0,9.17,EG,1594930949
58,Kingaroy,-26.53,151.83,43.0,80,0,6.93,AU,1594930949
59,Half Moon Bay,37.46,-122.43,72.0,72,5,242.71,US,1594930702
60,Torbay,47.67,-52.73,48.99,100,90,19.46,CA,1594930949
61,Wajima,37.4,136.9,69.35,84,100,7.2,JP,1594930684
62,Shingū,33.73,135.98,68.86,93,100,7.16,JP,1594930949
63,Vinh,18.67,105.67,80.51,70,62,4.32,VN,1594930950
64,Mariana,-20.38,-43.42,65.3,78,72,3.2,BR,1594930920
65,Kapaa,22.08,-159.32,84.0,74,40,12.75,US,1594930950
66,Yafran,32.06,12.53,74.59,62,24,6.08,LY,1594930950
67,Esperance,-33.87,121.9,57.2,100,90,11.41,AU,1594930950
68,Port Elizabeth,-33.92,25.57,41.0,93,27,4.7,ZA,1594930785
69,Port Alfred,-33.59,26.89,57.36,50,3,6.53,ZA,1594930725
70,Saint Paul Harbor,57.79,-152.41,57.2,76,90,4.7,US,1594930951
71,Ponta do Sol,32.67,-17.1,73.4,69,1,4.7,PT,1594930951
72,Santa Fe,-31.63,-60.7,66.99,46,0,1.99,AR,1594930712
73,Cape Town,-33.93,18.42,48.2,87,0,3.36,ZA,1594930822
74,Kismayo,-0.36,42.55,77.27,73,100,23.53,SO,1594930807
75,Provideniya,64.38,-173.3,48.2,81,90,4.47,RU,1594930952
76,Qaanaaq,77.48,-69.36,44.35,77,81,5.97,GL,1594930952
77,Hithadhoo,-0.6,73.08,84.33,69,99,4.45,MV,1594930952
78,Lewistown,40.6,-77.57,82.99,74,90,5.82,US,1594930801
79,Kidal,18.44,1.41,93.31,31,0,13.8,ML,1594930952
80,Muros,42.78,-9.06,71.01,62,41,8.01,ES,1594930669
81,Sitka,57.05,-135.33,59.0,77,75,10.29,US,1594930953
82,Sapa,5.15,120.32,80.47,75,97,5.93,PH,1594930953
83,Mar del Plata,-38.0,-57.56,55.99,50,0,9.17,AR,1594930953
84,Waynesville,35.49,-82.99,82.99,58,39,1.99,US,1594930954
85,Yellowknife,62.46,-114.35,66.99,48,75,5.82,CA,1594930954
86,Tiksi,71.69,128.87,36.48,88,12,19.8,RU,1594930954
87,Omsukchan,62.53,155.8,50.77,89,100,9.22,RU,1594930955
88,Batticaloa,7.71,81.69,82.17,68,100,7.05,LK,1594930955
89,Omboué,-1.57,9.26,73.29,86,100,7.67,GA,1594930955
90,Forsytheganj,52.63,29.73,57.58,78,31,3.83,BY,1594930955
91,Helena,46.59,-112.04,82.4,23,1,2.08,US,1594930875
92,Atuona,-9.8,-139.03,79.99,76,0,20.62,PF,1594930726
93,Turka,49.15,23.03,55.99,85,99,1.32,UA,1594930955
94,Ulladulla,-35.35,150.47,53.01,66,75,12.75,AU,1594930955
95,Caravelas,-17.71,-39.25,73.0,73,65,12.08,BR,1594930956
96,Vigrestad,58.57,5.7,57.99,89,100,4.09,NO,1594930956
97,Puerto Quijarro,-17.78,-57.77,95.41,19,0,4.38,BO,1594930956
98,Yamada,39.47,141.95,60.51,87,96,1.74,JP,1594930705
99,Jamestown,42.1,-79.24,80.01,88,90,8.05,US,1594930815
100,Bama,11.52,13.69,74.21,84,100,16.71,NG,1594930956
101,Province of Mantua,45.17,10.78,75.99,68,1,4.68,IT,1594930957
102,Makakilo City,21.35,-158.09,84.2,62,75,9.17,US,1594930761
103,Jonesboro,35.84,-90.7,89.01,78,75,3.36,US,1594930839
104,Anchorage,61.22,-149.9,68.0,49,1,4.7,US,1594930795
105,Port Moresby,-9.44,147.18,74.34,91,29,11.25,PG,1594930957
106,Qaqortoq,60.72,-46.03,64.4,36,20,8.05,GL,1594930789
107,Narrabri,-30.32,149.78,37.0,92,40,5.82,AU,1594930958
108,Ancud,-41.87,-73.82,52.0,93,90,12.75,CL,1594930699
109,Clyde River,70.47,-68.59,66.2,52,75,12.75,CA,1594930958
110,Nikolskoye,59.7,30.79,60.8,67,75,8.95,RU,1594930958
111,Inuvik,68.35,-133.72,59.0,72,75,11.41,CA,1594930958
112,Campbell River,50.02,-125.24,69.8,73,75,9.17,CA,1594930758
113,Faanui,-16.48,-151.75,75.09,88,100,16.15,PF,1594930959
114,Bubaque,11.28,-15.83,79.59,84,100,17.45,GW,1594930959
115,Akureyri,65.68,-18.09,51.8,87,90,18.34,IS,1594930959
116,Mandera,3.94,41.87,81.63,45,100,24.63,KE,1594930888
117,Camacha,33.08,-16.33,71.6,73,20,12.75,PT,1594930959
118,Barra de Tecoanapa,16.52,-98.75,88.65,54,12,9.01,MX,1594930959
119,Gamba,-2.65,10.0,71.51,91,100,5.86,GA,1594930959
120,Carnarvon,-24.87,113.63,62.6,100,75,10.29,AU,1594930960
121,Samarai,-10.62,150.67,75.92,88,100,16.22,PG,1594930960
122,Albany,42.6,-73.97,79.0,57,97,9.26,US,1594930725
123,São Filipe,14.9,-24.5,76.39,79,26,10.69,CV,1594930960
124,Kaitangata,-46.28,169.85,39.0,74,10,3.0,NZ,1594930667
125,Fallon,39.47,-118.78,95.0,8,40,3.36,US,1594930960
126,Genhe,50.78,121.52,60.49,91,100,1.05,CN,1594930961
127,Yangi Marg`ilon,40.43,71.72,82.4,26,20,4.7,UZ,1594930961
128,Aklavik,68.22,-135.01,60.8,67,75,5.82,CA,1594930961
129,Paamiut,61.99,-49.67,44.71,82,25,20.98,GL,1594930961
130,Isiro,2.77,27.62,67.37,97,100,1.5,CD,1594930961
131,Ayagoz,47.97,80.44,65.21,66,88,11.3,KZ,1594930961
132,Beringovskiy,63.05,179.32,52.29,78,91,3.91,RU,1594930961
133,Edd,13.93,41.69,90.77,55,100,4.21,ER,1594930962
134,Conde,-7.26,-34.91,75.2,94,75,6.93,BR,1594930962
135,Ha Tinh,18.33,105.9,81.39,68,85,5.64,VN,1594930962
136,Los Llanos de Aridane,28.66,-17.92,71.6,78,20,11.41,ES,1594930962
137,Tadine,-21.55,167.88,68.22,73,64,2.46,NC,1594930962
138,Vila Franca do Campo,37.72,-25.43,69.8,77,75,10.29,PT,1594930962
139,Severo-Kuril'sk,50.68,156.12,51.53,91,81,4.0,RU,1594930963
140,Ahipara,-35.17,173.17,57.54,92,100,9.57,NZ,1594930963
141,Nouadhibou,20.93,-17.03,69.8,88,20,10.29,MR,1594930963
142,Prata,-19.31,-48.92,79.12,40,29,7.78,BR,1594930963
143,Chokurdakh,70.63,147.92,41.74,91,100,7.05,RU,1594930788
144,Airai,-8.93,125.41,55.99,95,1,2.73,TL,1594930963
145,Husavik,66.04,-17.34,51.8,87,90,18.34,IS,1594930866
146,Point Pedro,9.82,80.23,83.59,79,100,14.14,LK,1594930963
147,Djibouti,11.5,42.5,96.8,30,75,8.05,DJ,1594930964
148,Lompoc,34.64,-120.46,73.0,60,11,5.82,US,1594930759
149,Anklam,53.86,13.69,61.0,71,19,1.01,DE,1594930964
150,La Ronge,55.1,-105.28,64.4,63,90,12.75,CA,1594930964
151,Pisco,-13.7,-76.22,62.01,87,90,3.36,PE,1594930964
152,Avera,33.19,-82.53,95.0,44,40,6.93,US,1594930727
153,Lüderitz,-26.65,15.16,68.0,22,0,6.93,NA,1594930964
154,Bengkulu,-3.8,102.27,76.75,87,79,4.25,ID,1594930964
155,Vyazemskiy,47.54,134.75,66.04,93,50,4.88,RU,1594930965
156,Laguna,38.42,-121.42,86.0,39,1,5.82,US,1594930965
157,‘Ewa Beach,21.32,-158.01,84.2,62,75,9.17,US,1594930831
158,Castro,-24.79,-50.01,61.79,73,90,3.2,BR,1594930957
159,Santa Maria,-29.68,-53.81,50.0,87,75,13.87,BR,1594930804
160,Wau,7.7,28.0,72.1,87,81,4.32,SS,1594930965
161,San Juan Bautista,-14.01,-75.74,62.01,87,90,3.36,PE,1594930966
162,Banda Aceh,5.56,95.32,79.39,83,85,5.44,ID,1594930966
163,Stege,54.99,12.28,62.01,82,0,1.01,DK,1594930966
164,Karratha,-20.74,116.85,64.04,64,0,6.78,AU,1594930966
165,Constitución,-35.33,-72.42,54.61,80,100,9.91,CL,1594930967
166,Nantucket,41.28,-70.1,69.8,52,1,8.05,US,1594930967
167,Laas,46.62,10.7,57.2,67,75,4.7,IT,1594930856
168,Yumen,40.28,97.2,67.24,35,19,3.29,CN,1594930967
169,Petropavlovsk-Kamchatskiy,53.05,158.65,53.6,100,90,2.24,RU,1594930967
170,Idar,49.72,7.3,62.01,93,75,6.93,DE,1594930968
171,Hong Kong,22.29,114.16,82.99,88,100,15.01,HK,1594930806
172,Irbeyskoye,55.64,95.45,55.96,92,100,10.8,RU,1594930968
173,Yerbogachën,61.28,108.01,47.23,90,0,5.93,RU,1594930968
174,Pimentel,-6.84,-79.93,69.8,64,15,17.22,PE,1594930968
175,Lavrentiya,65.58,-171.0,51.04,77,99,3.65,RU,1594930968
176,Zyryanka,65.75,150.85,47.12,84,95,7.02,RU,1594930968
177,Cidreira,-30.18,-50.21,54.07,89,100,18.32,BR,1594930968
178,Alyangula,-13.85,136.42,55.4,93,2,9.08,AU,1594930721
179,Guayabetal,4.21,-73.82,86.0,58,20,6.93,CO,1594930969
180,Mucurapo,10.67,-61.53,86.0,74,40,13.87,TT,1594930969
181,Moses Lake,47.13,-119.28,91.4,21,1,8.05,US,1594930969
182,Machachi,-0.5,-78.57,77.0,47,40,11.41,EC,1594930969
183,Te Anau,-45.42,167.72,30.13,95,43,0.81,NZ,1594930738
184,Ceres,37.59,-120.96,87.01,30,1,8.05,US,1594930969
185,Vao,-22.67,167.48,69.22,63,89,12.84,NC,1594930970
186,Luanda,-8.84,13.23,71.6,88,0,9.17,AO,1594930911
187,Atar,20.52,-13.05,95.72,18,6,9.53,MR,1594930970
188,The Valley,18.22,-63.06,87.8,58,20,13.87,AI,1594930864
189,Narsaq,60.92,-46.05,64.4,36,20,8.05,GL,1594930970
190,São José da Coroa Grande,-8.9,-35.15,76.12,78,45,12.75,BR,1594930970
191,Cherskiy,68.75,161.3,50.09,58,0,3.38,RU,1594930971
192,Chapais,49.78,-74.85,64.4,93,90,12.75,CA,1594930971
193,Khanbari,27.37,87.2,74.79,77,92,1.45,NP,1594930765
194,Moose Factory,51.26,-80.61,71.6,68,75,6.93,CA,1594930971
195,Klaksvík,62.23,-6.59,51.8,93,0,16.11,FO,1594930971
196,Longyearbyen,78.22,15.64,44.6,87,75,2.24,SJ,1594930943
197,Diffa,13.32,12.61,83.97,56,87,20.29,NE,1594930971
198,Porto Velho,-8.76,-63.9,91.4,36,20,6.93,BR,1594930783
199,Bathsheba,13.22,-59.52,86.0,66,40,14.99,BB,1594930972
200,Romitan,39.93,64.38,87.8,19,19,6.93,UZ,1594930686
201,Miyako,39.64,141.95,60.69,87,87,1.54,JP,1594930972
202,Arrondissement de Saint-Denis,48.92,2.33,66.2,68,90,9.17,FR,1594930972
203,Iqaluit,63.75,-68.51,53.6,54,75,8.05,CA,1594930972
204,Presidencia Roque Sáenz Peña,-26.79,-60.44,69.33,59,9,4.54,AR,1594930972
205,Mount Gambier,-37.83,140.77,33.8,96,10,5.82,AU,1594930972
206,Qui Nhon,13.77,109.23,79.23,84,57,5.39,VN,1594930973
207,Trairi,-3.28,-39.27,81.25,67,0,11.16,BR,1594930973
208,Gigmoto,13.78,124.39,81.16,81,1,5.3,PH,1594930973
209,Aleppo Governorate,36.25,37.5,77.29,52,0,17.31,SY,1594930974
210,Verāval,20.9,70.37,82.9,83,57,3.24,IN,1594930735
211,Pudozh,61.81,36.53,51.31,96,100,4.9,RU,1594930974
212,Sechura,-5.56,-80.82,72.91,59,12,14.2,PE,1594930874
213,Itarema,-2.92,-39.92,81.27,68,0,14.7,BR,1594930838
214,George,-33.96,22.46,48.2,70,11,3.36,ZA,1594930975
215,San Cristobal,7.77,-72.22,91.4,46,40,4.7,VE,1594930975
216,Vallenar,-28.57,-70.76,77.07,18,0,4.94,CL,1594930872
217,Cincinnati,39.16,-84.46,89.01,58,75,12.75,US,1594930836
218,Khilok,51.37,110.47,47.71,79,0,8.72,RU,1594930975
219,Pangnirtung,66.15,-65.71,60.8,59,20,9.17,CA,1594930975
220,Saanen,46.49,7.26,66.2,59,40,11.41,CH,1594930975
221,Sainte-Agathe-des-Monts,46.05,-74.28,79.0,73,90,11.41,CA,1594930959
222,Dŭstí,37.35,68.66,78.8,54,20,2.24,TJ,1594930975
223,Misratah,32.38,15.09,79.21,77,0,13.53,LY,1594930973
224,Pankrushikha,53.83,80.34,65.98,94,0,4.5,RU,1594930976
225,Agadez,19.75,10.25,90.0,32,0,10.8,NE,1594930976
226,Eucaliptus,-17.58,-67.52,57.79,27,0,4.52,BO,1594930976
227,Krasnosel'kup,65.7,82.47,46.76,75,33,12.44,RU,1594930976
228,Altay,47.87,88.12,67.46,39,21,8.19,CN,1594930976
229,Berlevåg,70.86,29.09,53.6,100,100,2.24,NO,1594930976
230,Turiaçu,-1.66,-45.37,81.21,82,9,4.03,BR,1594930976
231,Batagay-Alyta,67.8,130.41,49.89,59,99,4.81,RU,1594930976
232,Saskylakh,71.92,114.08,46.9,60,100,19.98,RU,1594930774
233,Paraíso,9.84,-83.87,84.2,47,20,17.22,CR,1594930977
234,Jiuquan,39.74,98.52,67.8,37,0,6.33,CN,1594930977
235,Hervey Bay,-25.3,152.85,48.99,62,0,4.0,AU,1594930977
236,Rome,43.21,-75.46,71.6,83,90,8.19,US,1594930685
237,Hamilton,39.18,-84.53,88.0,58,75,12.75,US,1594930977
238,Ilulissat,69.22,-51.1,48.2,70,75,5.82,GL,1594930977
239,Chui,-33.7,-53.46,52.93,80,74,5.41,UY,1594930978
240,Wanning,18.8,110.4,82.18,85,95,12.37,CN,1594930978
241,Arraial do Cabo,-22.97,-42.03,69.8,64,75,6.93,BR,1594930978
242,Noumea,-22.28,166.46,59.0,82,75,2.24,NC,1594930978
243,Khatanga,71.97,102.5,50.4,78,100,14.0,RU,1594930978
244,Marzuq,14.4,46.47,84.42,49,97,3.2,YE,1594930979
245,Tūkrah,32.53,20.58,76.87,67,0,5.41,LY,1594930979
246,Denpasar,-8.65,115.22,77.0,100,20,3.36,ID,1594930979
247,Soc Trang,9.6,105.98,77.95,87,2,2.35,VN,1594930979
248,Sur,22.57,59.53,85.3,65,4,8.84,OM,1594930979
249,Lodwar,3.12,35.6,84.88,40,85,6.71,KE,1594930979
250,Edendale,-29.65,30.31,46.99,74,0,4.23,ZA,1594930775
251,Isla Mujeres,21.23,-86.73,89.6,62,20,10.29,MX,1594930979
252,Tilichiki,60.47,166.1,50.02,100,100,1.54,RU,1594930859
253,Ibrā’,22.69,58.53,88.0,44,39,2.77,OM,1594930980
254,Lagoa,39.05,-27.98,68.49,82,100,13.47,PT,1594930980
255,Ostrovnoy,68.05,39.51,50.85,64,0,9.75,RU,1594930980
256,Nome,64.5,-165.41,57.0,82,90,5.82,US,1594930980
257,Kabinda,-6.13,24.48,73.36,34,26,5.68,CD,1594930980
258,Belmonte,-15.86,-38.88,75.2,69,75,8.05,BR,1594930847
259,Cabo San Lucas,22.89,-109.91,93.2,62,5,11.41,MX,1594930730
260,Mahébourg,-20.41,57.7,69.8,77,40,8.05,MU,1594930980
261,Upernavik,72.79,-56.15,45.3,80,20,6.6,GL,1594930981
262,Eyl,7.98,49.82,83.21,57,100,23.35,SO,1594930981
263,Lichuan,30.3,108.85,68.23,98,100,2.8,CN,1594930981
264,Lebu,-37.62,-73.65,53.82,88,100,17.72,CL,1594930981
265,Kasungu,-13.03,33.48,51.64,68,27,5.66,MW,1594930981
266,Laishevo,55.4,49.55,60.8,82,100,4.47,RU,1594930981
267,Manoel Urbano,-8.84,-69.26,91.42,43,57,0.81,BR,1594930981
268,Mareeba,-17.0,145.43,50.0,74,2,2.08,AU,1594930687
269,La Serena,-29.91,-71.25,57.2,71,31,5.82,CL,1594930982
270,Östersund,63.18,14.64,60.8,82,0,6.93,SE,1594930808
271,Ketchikan,55.34,-131.65,59.0,82,90,11.41,US,1594930790
272,Carmelo,-33.99,-58.29,60.8,48,99,3.36,UY,1594930982
273,Voi,-3.39,38.56,68.43,55,60,11.83,KE,1594930982
274,Bambous Virieux,-20.34,57.76,69.8,77,40,8.05,MU,1594930982
275,Superior,46.72,-92.1,78.8,61,90,4.7,US,1594930982
276,Kenora,49.82,-94.43,78.8,36,75,19.46,CA,1594930982
277,Liwale,-9.77,37.93,64.8,56,57,7.7,TZ,1594930982
278,San Patricio,19.22,-104.7,89.6,75,75,11.41,MX,1594930723
279,Saint-Pierre,-21.34,55.48,68.0,72,6,6.93,RE,1594930983
280,Acaraú,-2.89,-40.12,81.63,68,0,14.45,BR,1594930983
281,Katsuura,35.13,140.3,68.0,94,75,3.36,JP,1594930983
282,La Rioja,-29.41,-66.85,64.58,31,0,2.98,AR,1594930747
283,Bonfim,3.08,-59.95,87.78,59,100,5.61,BR,1594930983
284,Belogorsk,50.92,128.46,69.62,92,98,4.81,RU,1594930983
285,Turaif,31.67,38.66,89.6,21,0,11.41,SA,1594930983
286,Teya,60.38,92.63,50.23,89,59,7.96,RU,1594930984
287,Bertinoro,44.15,12.14,75.2,78,2,6.93,IT,1594930984
288,Vurnary,55.49,46.96,56.12,93,0,3.96,RU,1594930984
289,Kumul,42.8,93.45,76.95,31,32,4.52,CN,1594930984
290,Bonavista,48.65,-53.11,48.0,79,98,5.99,CA,1594930865
291,Vardø,70.37,31.11,55.4,82,65,8.05,NO,1594930984
292,Gladstone,-23.85,151.25,51.8,70,0,5.82,AU,1594930984
293,Abashiri,44.02,144.27,60.01,83,8,3.0,JP,1594930984
294,Finnsnes,69.23,17.98,57.2,87,75,1.9,NO,1594930820
295,Yining,29.04,114.56,75.92,90,95,1.61,CN,1594930985
296,Nanortalik,60.14,-45.24,51.03,54,51,9.93,GL,1594930985
297,Gayéri,12.65,0.49,81.82,67,100,11.99,BF,1594930985
298,Ndendé,-2.4,11.36,73.83,75,100,5.79,GA,1594930985
299,Pevek,69.7,170.31,39.0,99,100,5.75,RU,1594930985
300,Saint Anthony,45.02,-93.22,84.0,37,1,11.41,US,1594930985
301,Neiafu,-18.65,-173.98,77.0,88,40,8.05,TO,1594930985
302,Aiquile,-18.2,-65.18,73.11,35,0,9.35,BO,1594930985
303,Malartic,48.13,-78.13,69.8,83,75,8.05,CA,1594930986
304,Elko,41.0,-115.5,91.4,7,1,5.82,US,1594930795
305,Puerto Nariño,-3.77,-70.38,89.6,66,40,2.24,CO,1594930986
306,Sinnamary,5.38,-52.95,83.34,77,100,10.6,GF,1594930986
307,Rio Grande,-32.03,-52.1,53.6,87,72,11.41,BR,1594930750
308,Araguaçu,-12.93,-49.83,90.64,27,1,4.61,BR,1594930986
309,Honningsvåg,70.98,25.97,55.4,76,76,1.12,NO,1594930986
310,Calama,-22.47,-68.93,75.2,5,67,9.17,CL,1594930980
311,Hingoli,19.72,77.15,75.06,86,70,12.28,IN,1594930987
312,Mel'nikovo,56.56,84.08,64.65,95,56,4.36,RU,1594930987
313,Båtsfjord,70.63,29.72,53.6,87,75,3.36,NO,1594930987
314,Bethel,41.37,-73.41,75.99,60,90,9.17,US,1594930987
315,Sept-Îles,50.2,-66.38,68.0,45,90,11.41,CA,1594930834
316,Polunochnoye,60.87,60.42,64.83,99,95,10.36,RU,1594930870
317,Touros,-5.2,-35.46,77.0,83,75,5.82,BR,1594930988
318,Russell,32.35,-85.2,93.2,55,20,3.36,US,1594930988
319,Isangel,-19.55,169.27,66.2,93,10,4.7,VU,1594930988
320,Cap Malheureux,-19.98,57.61,66.99,80,4,3.0,MU,1594930726
321,Porbandar,21.64,69.61,82.56,79,75,5.93,IN,1594930988
322,Piterka,50.68,47.45,66.72,56,0,6.8,RU,1594930988
323,Murmashi,68.82,32.81,62.6,67,29,4.47,RU,1594930989
324,Chegdomyn,51.12,133.02,65.68,95,100,4.25,RU,1594930989
325,Guerrero Negro,27.98,-114.06,79.39,48,0,15.82,MX,1594930989
326,Shimoda,34.67,138.95,62.01,96,100,1.01,JP,1594930989
327,Tirumullaivāsal,11.23,79.83,82.36,76,100,8.34,IN,1594930989
328,Waipawa,-41.41,175.52,48.0,79,100,4.0,NZ,1594930989
329,Port Hedland,-20.32,118.57,53.6,71,0,5.82,AU,1594930990
330,Matagami,49.75,-77.63,77.0,57,20,8.05,CA,1594930990
331,Bereket,39.24,55.52,82.36,55,1,15.99,TM,1594930990
332,Hasaki,35.73,140.83,64.4,93,75,6.93,JP,1594930990
333,Mūdbidri,13.08,74.98,75.2,94,90,5.28,IN,1594930990
334,Binga,-17.62,27.34,61.02,42,0,9.82,ZW,1594930990
335,Kysyl-Syr,63.9,122.76,58.95,89,10,5.68,RU,1594930844
336,Sobolevo,54.43,31.9,54.12,90,90,5.17,RU,1594930991
337,Inhambane,-23.86,35.38,63.21,76,0,11.14,MZ,1594930991
338,São Miguel do Araguaia,-13.28,-50.16,90.25,28,1,1.57,BR,1594930699
339,Lokomotivnyy,53.01,60.57,69.96,58,0,7.18,RU,1594930991
340,Butembo,0.15,29.28,56.64,95,100,2.95,CD,1594930991
341,Curitibanos,-27.28,-50.58,58.33,80,12,5.79,BR,1594930991
342,Molchanovo,57.58,83.77,60.4,76,0,5.01,RU,1594930991
343,Seagoville,32.64,-96.54,97.0,49,1,9.17,US,1594930991
344,Port Lincoln,-34.73,135.87,53.01,74,0,7.67,AU,1594930991
345,Varhaug,58.61,5.65,57.0,90,100,4.16,NO,1594930992
346,Armenia,40.0,45.0,80.6,36,0,12.75,AM,1594930992
347,Kédougou,12.56,-12.17,77.16,83,100,5.03,SN,1594930992
348,Témiscaming,46.72,-79.1,70.0,94,90,10.29,CA,1594930992
349,Saint George,37.1,-113.58,102.99,12,1,12.75,US,1594930992
350,Yatou,37.15,122.38,67.06,93,0,5.3,CN,1594930992
351,Kieta,-6.22,155.63,79.0,80,100,5.93,PG,1594930992
352,Guadalajara,20.67,-103.33,80.01,44,75,4.7,MX,1594930716
353,El Alto,-4.27,-81.21,71.6,83,40,12.75,PE,1594930993
354,Mogadishu,2.04,45.34,77.47,76,100,20.0,SO,1594930923
355,Xichang,27.9,102.26,68.5,81,100,0.96,CN,1594930734
356,Longkou,37.65,120.33,73.0,87,30,13.04,CN,1594930993
357,Yulara,-25.24,130.99,35.6,59,0,5.82,AU,1594930993
358,Port Hardy,50.7,-127.42,57.2,87,75,10.29,CA,1594930993
359,Labuan,5.28,115.24,77.0,100,20,6.26,MY,1594930726
360,Baykit,61.67,96.37,53.35,87,98,10.29,RU,1594930896
361,Coquimbo,-29.95,-71.34,57.2,71,20,5.82,CL,1594930993
362,Hualmay,-11.1,-77.61,65.12,69,27,8.95,PE,1594930994
363,Ballina,-28.87,153.57,51.01,71,40,8.05,AU,1594930807
364,Abbeville,50.1,1.83,62.01,81,95,5.79,FR,1594930994
365,Troina,37.79,14.6,80.6,94,20,8.05,IT,1594930994
366,Salé,34.04,-6.82,82.0,69,0,13.87,MA,1594930994
367,Shache,38.42,77.24,73.35,43,100,9.06,CN,1594930731
368,Bassar,9.25,0.78,73.4,83,75,3.36,TG,1594930994
369,Setermoen,68.86,18.35,57.2,87,75,1.34,NO,1594930994
370,Xining,36.62,101.77,54.41,79,20,2.37,CN,1594930995
371,Cayenne,4.93,-52.33,86.0,70,100,3.36,GF,1594930995
372,Norman Wells,65.28,-126.83,62.6,82,90,10.29,CA,1594930778
373,Talaya,61.38,152.75,56.95,84,92,7.11,RU,1594930995
374,Abhā,18.22,42.51,71.6,49,22,12.75,SA,1594930707
375,Forio,40.73,13.86,77.0,75,0,8.99,IT,1594930995
376,Dakar,14.69,-17.44,80.6,78,20,6.93,SN,1594930816
377,Phuket,8.0,98.25,84.99,100,20,1.12,TH,1594930995
378,Cedar City,37.68,-113.06,93.2,10,1,11.41,US,1594930995
379,Malindi,-3.22,40.12,77.52,64,33,22.08,KE,1594930996
380,Turukhansk,65.82,87.98,45.88,90,0,15.35,RU,1594930996
381,Hirara,24.8,125.28,85.28,82,100,19.42,JP,1594930996
382,San Antonio,29.42,-98.49,100.99,37,1,11.41,US,1594930922
383,Gōtsuchō,35.0,132.22,66.78,88,23,1.14,JP,1594930996
384,Soyo,-6.13,12.37,72.68,88,95,7.54,AO,1594930996
385,Falmouth,50.15,-5.07,64.4,82,40,6.93,GB,1594930750
386,Lábrea,-7.26,-64.8,94.51,28,100,2.75,BR,1594930997
387,Sairang,23.8,92.67,75.47,90,100,2.28,IN,1594930997
388,Turhal,40.39,36.08,68.0,82,75,19.46,TR,1594930997
389,Okhotsk,59.38,143.3,56.39,90,100,7.27,RU,1594930820
390,Togur,58.36,82.83,57.22,70,0,4.85,RU,1594930997
391,Garhi Khairo,28.06,67.98,99.27,40,79,15.75,PK,1594930997
392,Chipinge,-20.19,32.62,43.09,95,16,3.49,ZW,1594930997
393,Māndleshwar,22.18,75.67,84.51,76,5,3.56,IN,1594930997
394,Hirtshals,57.59,9.96,57.99,85,0,1.01,DK,1594930997
395,Hiratachō,35.43,132.82,73.4,83,75,10.29,JP,1594930998
396,Hajdúszovát,47.38,21.48,68.0,68,100,4.7,HU,1594930998
397,Otradnoye,59.78,30.82,60.8,67,75,8.95,RU,1594930998
398,Resplendor,-19.33,-41.26,71.96,69,92,5.86,BR,1594930920
399,Ust-Kuyga,70.02,135.6,43.86,73,1,5.79,RU,1594930998
400,Henties Bay,-22.12,14.28,73.0,12,0,3.94,NA,1594930998
401,Ust-Tsilma,65.44,52.15,55.54,65,100,6.71,RU,1594930749
402,Khorixas,-20.37,14.97,61.81,28,0,13.2,NA,1594930999
403,Leningradskiy,69.38,178.42,42.21,90,99,10.56,RU,1594930999
404,Port Blair,11.67,92.75,81.0,79,100,8.39,IN,1594930813
405,Jiayuguan City,39.82,98.3,67.03,34,2,5.55,CN,1594930999
406,Souillac,-20.52,57.52,69.8,77,40,8.05,MU,1594930733
407,Sawākin,19.11,37.33,86.76,44,56,3.51,SD,1594931000
408,Lucapa,-8.42,20.74,69.44,27,0,4.74,AO,1594931000
409,Najrān,17.49,44.13,87.8,40,40,16.11,SA,1594931000
410,Marawi,8.0,124.29,73.99,91,100,5.01,PH,1594931000
411,Rizhao,35.43,119.46,71.87,92,100,3.33,CN,1594931000
412,Palana,59.12,159.97,48.33,100,100,10.85,RU,1594931000
413,Sisimiut,66.94,-53.67,49.78,73,36,5.68,GL,1594930767
414,Mandalgovi,45.76,106.27,48.2,77,73,21.81,MN,1594931001
415,Camopi,3.17,-52.32,84.25,71,94,2.06,GF,1594931001
416,Villazón,-22.09,-65.59,58.93,25,76,6.91,BO,1594931001
417,Kiryat Gat,31.61,34.76,79.0,70,0,2.55,IL,1594931001
418,La Reforma,18.1,-91.02,90.0,63,45,1.03,MX,1594931001
419,São Félix do Xingu,-6.64,-51.99,89.83,40,46,3.91,BR,1594930824
420,Karonga,-9.93,33.93,66.24,63,8,9.33,MW,1594931001
421,Vostok,46.49,135.88,58.71,97,5,4.09,RU,1594931001
422,Egvekinot,66.32,-179.17,52.88,81,61,2.44,RU,1594931002
423,Hailar,49.2,119.7,64.53,92,82,1.7,CN,1594931002
424,Salta,-24.79,-65.41,71.6,37,0,2.24,AR,1594931002
425,Thinadhoo,0.53,72.93,84.61,66,95,3.47,MV,1594931002
426,Verkhovazh'ye,60.75,42.05,55.47,95,9,3.56,RU,1594930749
427,Menongue,-14.66,17.69,52.21,42,0,6.11,AO,1594931002
428,Antibes,43.56,7.13,75.2,69,20,3.36,FR,1594931002
429,Caceres,39.52,-6.37,93.99,25,0,1.01,ES,1594931002
430,Ürümqi,43.8,87.6,78.8,36,0,8.95,CN,1594931003
431,Olafsvik,64.89,-23.71,49.59,77,99,23.29,IS,1594930451
432,Tygda,53.12,126.33,63.37,94,6,4.94,RU,1594931003
433,Yura,-16.25,-71.68,71.6,10,7,11.41,PE,1594931003
434,Pedernales,18.04,-71.74,93.2,52,40,13.87,DO,1594931003
435,Grindavik,63.84,-22.43,48.2,100,90,11.41,IS,1594931003
436,Hambantota,6.12,81.12,81.84,75,100,17.83,LK,1594931003
437,Palmares do Sul,-30.26,-50.51,52.61,89,100,16.87,BR,1594931003
438,Morada Nova,-5.11,-38.37,85.93,47,0,4.76,BR,1594931004
439,Kaduy,59.2,37.15,59.0,93,40,4.88,RU,1594931004
440,Terrace,54.52,-128.6,60.8,82,75,16.11,CA,1594930764
441,Anaconda,46.13,-112.94,80.6,22,1,8.05,US,1594931004
442,Lamar,33.67,-95.58,99.0,50,1,8.05,US,1594931004
443,Cradock,-32.16,25.62,47.57,39,0,5.32,ZA,1594931004
444,Araouane,18.9,-3.53,90.91,40,81,20.6,ML,1594931005
445,Tabas,33.6,56.92,89.6,29,0,9.17,IR,1594931005
446,Horsham,51.06,-0.33,72.0,60,75,3.36,GB,1594931005
447,Naze,28.37,129.48,78.8,94,75,12.75,JP,1594930726
448,Lahaina,20.88,-156.68,82.4,61,40,14.99,US,1594930878
449,Alzamay,55.56,98.66,52.5,93,100,5.82,RU,1594931005
450,Arys,42.43,68.8,82.4,28,75,8.95,KZ,1594931005
451,Poum,-20.23,164.02,69.49,60,19,11.3,NC,1594931005
452,Skibbereen,51.55,-9.27,68.0,64,20,10.29,IE,1594931006
453,Ludvika,60.15,15.19,63.0,77,0,2.24,SE,1594931006
454,Faya,18.39,42.45,71.6,49,25,12.75,SA,1594931006
455,Bāglung,28.27,83.59,71.67,79,59,1.72,NP,1594931006
456,General Roca,-39.03,-67.58,48.2,70,75,8.05,AR,1594930957
457,Ponta Delgada,37.73,-25.67,69.8,77,75,10.29,PT,1594930781
458,Kralendijk,12.15,-68.27,87.8,66,75,18.34,BQ,1594930845
459,Altagracia de Orituco,9.86,-66.38,83.21,73,46,4.92,VE,1594931006
460,Córdoba,-31.41,-64.18,66.99,30,0,8.05,AR,1594930988
461,Tokur,53.13,132.9,60.33,97,14,1.88,RU,1594931006
462,Latung,5.5,120.88,82.71,74,100,8.7,PH,1594931007
463,Tevaitoa,-16.78,-151.5,76.42,87,94,18.21,PF,1594931007
464,Shahrud,36.42,54.98,69.98,53,8,9.06,IR,1594931007
465,Grasse,43.67,6.92,73.4,69,45,2.24,FR,1594931007
466,Dérac,19.65,-71.82,87.8,62,40,16.11,HT,1594931007
467,Stepnyak,52.83,70.78,66.78,56,98,6.89,KZ,1594931007
468,Mīnāb,27.15,57.08,96.8,32,75,9.17,IR,1594931007
469,Chengalpattu,12.7,79.98,78.8,94,75,2.24,IN,1594931007
470,Bairiki Village,1.33,172.98,82.4,78,75,5.82,KI,1594930770
471,Conakry,9.54,-13.68,78.8,83,75,11.41,GN,1594931008
472,Kumylzhenskaya,49.88,42.59,63.0,78,89,1.01,RU,1594931008
473,Villa de Reyes,21.8,-100.93,80.6,30,75,14.61,MX,1594931008
474,Udachny,66.42,112.4,51.8,76,4,4.47,RU,1594931008
475,Labuhan,-6.88,112.21,76.37,80,0,8.08,ID,1594930726
476,Ranong,9.97,98.63,79.86,82,100,2.66,TH,1594931008
477,Langsa,4.47,97.97,74.41,94,100,2.19,ID,1594931008
478,Tarauacá,-8.16,-70.77,89.56,46,5,1.83,BR,1594931008
479,Beyneu,45.32,55.2,86.25,21,100,9.86,KZ,1594931009
480,Aswān,24.09,32.91,89.08,17,0,14.16,EG,1594931009
481,Codrington,-38.27,141.97,38.57,92,1,7.78,AU,1594931009
482,Morondava,-20.28,44.28,72.82,43,0,21.9,MG,1594931009
483,Luganville,-15.53,167.17,69.8,100,40,3.11,VU,1594930728
484,Nouakchott,18.09,-15.98,78.8,74,20,10.29,MR,1594931009
485,Dicamay,16.76,122.0,74.35,90,98,2.33,PH,1594931009
486,Arlit,18.74,7.39,94.87,25,50,19.13,NE,1594931009
487,Kharp,66.8,65.81,46.29,76,0,4.54,RU,1594931010
488,Marang,5.21,103.21,77.0,94,20,3.36,MY,1594931010
489,College,64.86,-147.8,62.6,67,75,2.55,US,1594931010
490,Ndago,-4.6,34.35,61.43,63,29,10.6,TZ,1594931010
491,Rabo de Peixe,37.8,-25.58,69.8,77,75,10.29,PT,1594931010
492,Otradnoye,59.78,30.82,60.8,67,75,8.95,RU,1594931010
493,General Pico,-35.66,-63.76,63.5,41,0,6.22,AR,1594930925
494,Celestún,20.87,-90.4,89.26,57,0,15.41,MX,1594931010
495,Yakeshi,49.28,120.73,63.41,89,56,2.86,CN,1594930906
496,Cocobeach,1.0,9.58,78.8,83,40,9.17,GA,1594931011
497,Ulaangom,49.98,92.07,61.5,55,11,4.81,MN,1594931011
498,Puerto Escondido,15.85,-97.07,84.2,74,75,12.75,MX,1594930788
499,Portland,45.52,-122.68,81.0,53,40,4.7,US,1594930230
500,Saurimo,-9.66,20.39,65.25,27,0,6.67,AO,1594931011
501,Nova Gradiška,45.26,17.38,69.8,56,100,3.36,HR,1594931011
502,Srednekolymsk,67.45,153.68,47.41,60,100,7.47,RU,1594931011
503,Kosh-Agach,50.0,88.67,49.95,74,10,4.25,RU,1594931011
504,Linjiang,41.81,126.91,63.32,87,5,1.79,CN,1594931012
505,Mount Isa,-20.73,139.5,53.6,32,0,5.82,AU,1594931012
506,Ngunguru,-35.62,174.5,60.01,3,49,8.01,NZ,1594931012
507,Eureka,40.8,-124.16,71.01,100,10,1.01,US,1594930862
508,Antofagasta,-23.65,-70.4,57.2,76,75,13.87,CL,1594930854
509,Taicheng,38.73,113.23,65.08,91,92,3.44,CN,1594931012
510,Tuatapere,-46.13,167.68,32.79,95,46,4.0,NZ,1594931012
511,Ryōtsu-minato,38.08,138.43,64.4,93,100,2.24,JP,1594931012
512,Amapá,1.0,-52.0,80.44,91,16,2.53,BR,1594930821
513,Mildura,-34.2,142.15,30.2,100,0,5.59,AU,1594930714
514,Byron Bay,-28.65,153.62,51.01,71,40,8.05,AU,1594930775
515,Rimbey,52.63,-114.24,75.2,50,75,11.41,CA,1594931013
516,Upington,-28.45,21.26,48.2,39,0,6.93,ZA,1594931013
517,Øksfjord,70.24,22.35,60.8,67,83,4.7,NO,1594931013
518,Marystown,47.17,-55.15,57.85,72,100,15.35,CA,1594931013
519,Son La,21.32,103.9,71.38,87,97,1.57,VN,1594931013
520,Anadyr,64.75,177.48,48.2,100,90,2.24,RU,1594931013
521,Praia da Vitória,38.73,-27.07,69.8,83,75,10.0,PT,1594930762
522,Maple Creek,49.92,-109.48,82.11,33,0,10.16,CA,1594931014
523,Ballangen,68.34,16.83,61.0,72,40,2.24,NO,1594931014
524,Liverpool,53.41,-2.98,68.0,72,20,6.93,GB,1594930862
525,Vila Velha,-20.33,-40.29,71.6,73,40,9.17,BR,1594930947
526,Gravdal,68.12,13.5,57.2,87,40,8.05,NO,1594931014
527,Siniscola,40.57,9.69,73.4,56,14,6.93,IT,1594931014
528,Cabo Rojo,18.09,-67.15,89.01,60,17,7.0,PR,1594930805
529,Muzhi,65.37,64.67,54.12,70,100,4.85,RU,1594931014
530,Tahara,34.67,137.27,71.6,88,75,8.05,JP,1594931015
531,Kodinsk,58.69,99.18,56.82,94,100,7.78,RU,1594931015
532,Riyadh,24.69,46.72,96.8,14,46,8.05,SA,1594930980
533,Mayo,38.89,-76.51,84.99,69,1,12.75,US,1594931015
534,Illapel,-31.63,-71.17,66.13,44,100,3.0,CL,1594931015
535,São Bento,-6.28,-37.75,82.85,46,21,7.4,BR,1594931015
536,Havre-St-Pierre,50.23,-63.6,73.4,35,1,14.99,CA,1594931015
537,Weligama,5.97,80.42,78.21,90,100,5.53,LK,1594931015
538,Lázaro Cárdenas,17.96,-102.2,87.8,67,82,8.32,MX,1594931016
539,Ubauro,28.17,69.73,93.9,49,23,14.58,PK,1594931016
540,Tiruchchendur,8.48,78.12,82.54,70,100,11.74,IN,1594931016
541,Yingkou,40.66,122.23,71.13,84,0,7.67,CN,1594931016
542,Sørland,67.67,12.69,57.2,87,40,8.05,NO,1594930819
543,Beira,-19.84,34.84,69.8,68,75,17.22,MZ,1594931016
544,Bantogon,6.53,124.03,76.87,80,100,3.89,PH,1594931016
